0,0.688441880124624,0.241067433014118,0.000277452763352523
0.0091552734375,0.68844188012461,0.241067433014118,0.000277452763352501
0.018310546875,0.68844188012461,0.241067433014118,0.000277452763352502
0.0274658203125,0.68844188012461,0.241067433014118,0.000277452763352503
0.03662109375,0.68844188012461,0.241067433014118,0.000277452763352504
0.0457763671875,0.68844188012461,0.241067433014117,0.000277452763352505
0.054931640625,0.68844188012461,0.241067433014117,0.000277452763352506
0.0640869140625,0.68844188012461,0.241067433014117,0.000277452763352507
0.0732421875,0.68844188012461,0.241067433014117,0.000277452763352508
0.0823974609375,0.68844188012461,0.241067433014117,0.000277452763352509
0.091552734375,0.68844188012461,0.241067433014117,0.00027745276335251
0.1007080078125,0.68844188012461,0.241067433014117,0.000277452763352511
0.10986328125,0.68844188012461,0.241067433014116,0.000277452763352511
0.1190185546875,0.68844188012461,0.241067433014116,0.000277452763352512
0.128173828125,0.68844188012461,0.241067433014116,0.000277452763352513
0.1373291015625,0.68844188012461,0.241067433014116,0.000277452763352513
0.146484375,0.68844188012461,0.241067433014116,0.000277452763352514
0.1556396484375,0.68844188012461,0.241067433014116,0.000277452763352514
0.164794921875,0.68844188012461,0.241067433014116,0.000277452763352515
0.1739501953125,0.68844188012461,0.241067433014116,0.000277452763352515
0.18310546875,0.68844188012461,0.241067433014116,0.000277452763352516
0.1922607421875,0.68844188012461,0.241067433014116,0.000277452763352516
0.201416015625,0.68844188012461,0.241067433014116,0.000277452763352516
0.2105712890625,0.68844188012461,0.241067433014116,0.000277452763352517
0.2197265625,0.68844188012461,0.241067433014116,0.000277452763352517
0.2288818359375,0.68844188012461,0.241067433014116,0.000277452763352517
0.238037109375,0.68844188012461,0.241067433014115,0.000277452763352517
0.2471923828125,0.68844188012461,0.241067433014115,0.000277452763352518
0.25634765625,0.68844188012461,0.241067433014115,0.000277452763352518
0.2655029296875,0.68844188012461,0.241067433014115,0.000277452763352518
0.274658203125,0.68844188012461,0.241067433014115,0.000277452763352518
0.2838134765625,0.68844188012461,0.241067433014115,0.000277452763352518
0.29296875,0.68844188012461,0.241067433014115,0.000277452763352519
0.3021240234375,0.68844188012461,0.241067433014115,0.000277452763352519
0.311279296875,0.68844188012461,0.241067433014115,0.000277452763352519
0.3204345703125,0.68844188012461,0.241067433014115,0.000277452763352519
0.32958984375,0.68844188012461,0.241067433014115,0.000277452763352519
0.3387451171875,0.68844188012461,0.241067433014115,0.000277452763352519
0.347900390625,0.68844188012461,0.241067433014115,0.000277452763352519
0.3570556640625,0.68844188012461,0.241067433014115,0.00027745276335252
0.3662109375,0.68844188012461,0.241067433014115,0.00027745276335252
0.3753662109375,0.68844188012461,0.241067433014115,0.00027745276335252
0.384521484375,0.68844188012461,0.241067433014115,0.00027745276335252
0.3936767578125,0.68844188012461,0.241067433014115,0.00027745276335252
0.40283203125,0.68844188012461,0.241067433014115,0.00027745276335252
0.4119873046875,0.68844188012461,0.241067433014115,0.00027745276335252
0.421142578125,0.68844188012461,0.241067433014115,0.00027745276335252
0.4302978515625,0.68844188012461,0.241067433014115,0.00027745276335252
0.439453125,0.68844188012461,0.241067433014115,0.00027745276335252
0.4486083984375,0.68844188012461,0.241067433014115,0.00027745276335252
0.457763671875,0.68844188012461,0.241067433014115,0.00027745276335252
0.4669189453125,0.68844188012461,0.241067433014115,0.00027745276335252
0.47607421875,0.68844188012461,0.241067433014115,0.00027745276335252
0.4852294921875,0.68844188012461,0.241067433014115,0.00027745276335252
0.494384765625,0.68844188012461,0.241067433014115,0.000277452763352521
0.5035400390625,0.781366762879387,0.241933388878265,0.0240919205467747
0.5126953125,0.790819863196065,0.244267518385348,0.0241261903726472
0.5218505859375,0.800743500264792,0.24671786694552,0.0240354109008397
0.531005859375,0.811078227961426,0.249269743710702,0.0238707942918813
0.5401611328125,0.821787312400909,0.251914071739542,0.0236616017509592
0.54931640625,0.8328432443021,0.254644054809932,0.0234249657402264
0.5584716796875,0.844223377338145,0.257454099110366,0.0231710842812763
0.567626953125,0.85590794050578,0.260339321761857,0.0229061203563657
0.5767822265625,0.867878964640041,0.263295285366796,0.0226338709814179
0.5859375,0.880119638051578,0.266317838677845,0.0223567422289227
0.5950927734375,0.892613890852638,0.269403013825215,0.0220763212543046
0.604248046875,0.905346112759122,0.272546956554992,0.0217937112339095
0.6134033203125,0.918300954473203,0.27574587713706,0.0215097264549107
0.62255859375,0.93146318450834,0.278996014982158,0.0212250052488855
0.6317138671875,0.944817584658291,0.282293612812566,0.0209400750500966
0.640869140625,0.958348873615082,0.285634897790287,0.0206553898398941
0.6500244140625,0.972041651927797,0.289016067918793,0.0203713518365397
0.6591796875,0.985880363741086,0.292433282590335,0.0200883242860192
0.6683349609375,0.999849272173707,0.295882656502523,0.0198066392618707
0.677490234375,1.01393244610934,0.299360256393447,0.0195266026696767
0.6866455078125,1.02811375678143,0.302862100195401,0.0192484976726782
0.69580078125,1.04237688293241,0.306384158305825,0.0189725872044153
0.7049560546875,1.05670532359979,0.309922356741411,0.018699115930066
0.714111328125,1.07108241775685,0.313472581984577,0.0184283118528258
0.7232666015625,1.08549137015502,0.317030687361098,0.0181603876731704
0.732421875,1.09991528277756,0.320592500803071,0.0178955419620062
0.7415771484375,1.11433719136313,0.324153833863561,0.0176339601840625
0.750732421875,1.12874010646501,0.327710491850984,0.0173758155948505
0.7598876953125,1.1431070585155,0.331258284952289,0.0171212700274944
0.76904296875,1.15742114635834,0.334793040212329,0.0168704745818386
0.7781982421875,1.17166558868834,0.338310614230936,0.0166235702259249
0.787353515625,1.18582377782434,0.341806906436089,0.0163806883185117
0.7965087890625,1.19987933521479,0.345277872784852,0.0161419510603339
0.8056640625,1.21381616806414,0.348719539741063,0.0159074718811311
0.8148193359375,1.22761852644603,0.3521280183733,0.0156773557689642
0.823974609375,1.24127106026854,0.355499518416431,0.0154516995479691
0.8331298828125,1.25475887544103,0.358830362136205,0.0152305921103719
0.84228515625,1.2680675886159,0.362116997842233,0.0150141146083682
0.8514404296875,1.28118337987426,0.36535601289358,0.0148023406112461
0.860595703125,1.29409304276088,0.368544146050264,0.0145953362329576
0.8697509765625,1.30678403109742,0.37167829902971,0.0143931602351737
0.87890625,1.3192445020468,0.374755547138102,0.0141958641107034
0.8880615234375,1.33146335495357,0.377773148859342,0.0140034921519741
0.897216796875,1.34343026554058,0.380728554298097,0.0138160815091186
0.9063720703125,1.35513571509975,0.383619412387543,0.0136336622419977
0.91552734375,1.36657101440069,0.386443576793627,0.0134562573702894
0.9246826171875,1.37772832209094,0.38919911046006,0.0132838829255324
0.933837890625,1.3886006574652,0.391884288763776,0.0131165480087372
0.9429931640625,1.39918190754199,0.394497601265691,0.0129542548569064
0.9521484375,1.40946682845896,0.397037752059488,0.0127969989214533
0.9613037109375,1.41945104128501,0.399503658742713,0.012644768961167
0.970458984375,1.4291310224268,0.401894450053955,0.0124975471520075
0.9796142578125,1.43850408884216,0.404209462228534,0.0123553092155793
0.98876953125,1.44756837837225,0.406448234149657,0.0122180245677653
0.9979248046875,1.45632282552785,0.408610501377734,0.0120856564884879
1.007080078125,1.45766129780612,0.410053811616843,0.00177883722874796
1.0162353515625,0.372739458991567,0.393930982230106,6.03258879447723e-05
1.025390625,0.39544645737228,0.384399024544782,6.40838850948364e-05
1.0345458984375,0.413533512554554,0.376776984872291,6.72652843281127e-05
1.043701171875,0.429128498673099,0.370188063164699,7.01640018528829e-05
1.0528564453125,0.443068637846033,0.36428498995839,7.28945897182723e-05
1.06201171875,0.455791340351604,0.358885764445602,7.55166641979835e-05
1.0711669921875,0.467560861451927,0.353880197315815,7.80663120917281e-05
1.080322265625,0.478551905214818,0.349195305507004,8.05675857415432e-05
1.0894775390625,0.488887317092026,0.344779674779832,8.30376462609155e-05
1.0986328125,0.498657433286733,0.34059542008447,8.54893833059261e-05
1.1077880859375,0.507930970351572,0.336613656103169,8.79328769631963e-05
1.116943359375,0.516761591098731,0.332811764114554,9.03762703500695e-05
1.1260986328125,0.525192082225611,0.329171652118797,9.28263176072863e-05
1.13525390625,0.533257129720198,0.325678598644307,9.52887413757378e-05
1.1444091796875,0.540985229459908,0.322320456856013,9.77684723594643e-05
1.153564453125,0.548400042402776,0.319087090297562,0.000100269812434444
1.1627197265625,0.555521380825728,0.315969962702619,0.000102796546026069
1.171875,0.562365942439735,0.312961833283197,0.000105352015028734
1.1810302734375,0.568947868100545,0.310056526018323,0.000107939166985768
1.190185546875,0.575279173670798,0.307248751943593,0.000110560582873021
1.1993408203125,0.581370090701673,0.304533970052799,0.000113218488732585
1.20849609375,0.587229340346984,0.301908276722613,0.000115914754092831
1.2176513671875,0.592864358035499,0.299368316397179,0.000118650879301445
1.226806640625,0.598281481834077,0.296911208217535,0.000121427973435352
1.2359619140625,0.603486114155286,0.294534484590801,0.000124246724236804
1.2451171875,0.608482864177995,0.292236038640611,0.000127107361503682
1.2542724609375,0.613275676643707,0.290014078151896,0.000130009615498176
1.263427734375,0.617867951347368,0.287867084116676,0.000132952672198128
1.2725830078125,0.622262656591932,0.285793772380071,0.000135935127582175
1.28173828125,0.626462438906624,0.283793057196114,0.000138954943565737
1.2908935546875,0.630469730459073,0.281864015779288,0.000142009408657676
1.300048828125,0.634286854752274,0.280005853203582,0.000145095106819022
1.3092041015625,0.63791613035948,0.278217867260629,0.000148207898305308
1.318359375,0.641359971645871,0.276499413157073,0.000151342916379466
1.3275146484375,0.644620984635765,0.274849868198642,0.000154494583596344
1.336669921875,0.647702055584388,0.27326859689426,0.00015765665082056
1.3458251953125,0.65060642930365,0.27175491715705,0.000160822261182386
1.35498046875,0.653337774123682,0.270308068510395,0.000163984039811302
1.3641357421875,0.655900230386906,0.268927183331172,0.000167134208466494
1.373291015625,0.658298439915355,0.267611262252313,0.000170264722251524
1.3824462890625,0.660537554595418,0.266359154768466,0.000173367423641396
1.3916015625,0.662623223406223,0.265169545951321,0.000176434207317905
1.4007568359375,0.664561558351159,0.264040949864695,0.00017945718802551
1.409912109375,0.666359081219453,0.262971709951922,0.000182428863058466
1.4190673828125,0.668022654214969,0.261960006233637,0.000185342261150599
1.42822265625,0.669559398455825,0.26100386874949,0.000188191070496576
1.4373779296875,0.670976604965048,0.260101196327673,0.000190969740255864
1.446533203125,0.672281642892626,0.259249779478234,0.000193673551970654
1.4556884765625,0.673481869549778,0.258447326069877,0.00019629865960309
1.46484375,0.674584546114878,0.257691488372504,0.0001988420990737
1.4739990234375,0.67559676218981,0.256979890165284,0.000201301770055563
1.483154296875,0.676525371315982,0.256310152740806,0.000203676394162761
1.4923095703125,0.677376938659837,0.255679918886385,0.000205965454500717
1.50146484375,0.85643179045483,0.260468338676514,0.0239096547818543
1.5106201171875,0.912316147026948,0.27426756181584,0.0228466615489078
1.519775390625,0.950590965599422,0.283718767785717,0.0217773671445599
1.5289306640625,0.983147487500557,0.291758053206256,0.0208442559765017
1.5380859375,1.01246646621825,0.298997934417236,0.0200569314953239
1.5472412109375,1.03957600243893,0.305692260092231,0.0193897949028025
1.556396484375,1.06501152192696,0.311973237918278,0.0188128333971557
1.5655517578125,1.08908835675291,0.317918733554244,0.0183018676310252
1.57470703125,1.11200728101575,0.323578326075944,0.0178400021294746
1.5838623046875,1.13390333695572,0.328985362949551,0.0174161036082857
1.593017578125,1.15487126193493,0.334163238376072,0.0170229027386843
1.6021728515625,1.17497990284649,0.339128952756411,0.0166555388463655
1.611328125,1.19428092442728,0.343895263227893,0.0163106205548552
1.6204833984375,1.21281433375206,0.348472047980187,0.015985664582252
1.629638671875,1.23061211999264,0.352867205119257,0.0156787689427442
1.6387939453125,1.24770072305656,0.357087262307097,0.0153884207336884
1.64794921875,1.26410274438851,0.361137799245644,0.0151133792015234
1.6571044921875,1.27983815054026,0.365023744898058,0.0148526013158579
1.666259765625,1.29492512730114,0.368749588417257,0.0146051921801047
1.6754150390625,1.30938068742773,0.372319529228258,0.0143703706479353
1.6845703125,1.3232211011945,0.375737583358666,0.0141474447098988
1.6937255859375,1.33646219768439,0.379007657850614,0.0139357934315176
1.702880859375,1.34911957079156,0.382133601643077,0.0137348534404849
1.7120361328125,1.36120871461028,0.385119239017291,0.0135441086603921
1.72119140625,1.37274510630286,0.387968390072855,0.0133630824121732
1.7303466796875,1.38374425021323,0.390684881633783,0.0131913312724575
1.739501953125,1.39422169366779,0.393272551162671,0.0130284402536219
1.7486572265625,1.40419302238624,0.395735245639236,0.0128740189892788
1.7578125,1.41367384175907,0.39807681694801,0.0127276986912817
1.7669677734375,1.42267974884728,0.400301114974118,0.0125891297025592
1.776123046875,1.43122629881314,0.402411979322883,0.0124579795121603
1.7852783203125,1.43932896873287,0.404413230391803,0.0123339311297296
1.79443359375,1.44700312103512,0.406308660349058,0.012216681739437
1.8035888671875,1.45426396818987,0.408102024419621,0.0121059415705834
1.812744140625,1.46112654012927,0.409797032844891,0.0120014329355861
1.8218994140625,1.46760565516539,0.411397343704781,0.0119028893954971
1.8310546875,1.47371589522326,0.412906556804372,0.0118100550215484
1.8402099609375,1.47947158577184,0.414328208719747,0.0117226837271827
1.849365234375,1.48488678088081,0.41566576910873,0.0116405386493841
1.8585205078125,1.48997525354412,0.416922638321437,0.0115633915622014
1.86767578125,1.49475049142007,0.41810214634774,0.0114910223080685
1.8768310546875,1.499225698102,0.419207553129933,0.0114232182344904
1.885986328125,1.50341379992102,0.420242050241042,0.0113597736255097
1.8951416015625,1.50732745833563,0.421208763942489,0.0113004891184168
1.904296875,1.51097908808259,0.422110759664232,0.0112451710968519
1.9134521484375,1.51438088099091,0.422951047883301,0.0111936310519928
1.922607421875,1.51754483581209,0.423732591488041,0.011145684903766
1.9317626953125,1.52048279404046,0.424458314621685,0.0111011522734515
1.94091796875,1.52320648228121,0.425131113143104,0.0110598556996511
1.9500732421875,1.52572756111993,0.425753866693395,0.0110216197879864
1.959228515625,1.52779102309053,0.426263590706936,0.0109888851359004
1.9683837890625,1.52997901548987,0.426804061935769,0.0109571543408521
1.9775390625,1.53225732569041,0.427366845061678,0.0109241772279408
1.9866943359375,1.53461142097103,0.427948351383058,0.0108900155501248
1.995849609375,1.53703189630194,0.428546257876247,0.0108548185035096
2.0050048828125,1.5376981868152,0.429065714276202,0.00313161680544487
2.01416015625,0.43893903636571,0.365528923012315,7.21585033110217e-05
2.0233154296875,0.490326340913516,0.343822636932476,8.34732243428656e-05
2.032470703125,0.523887075535411,0.329455524521655,9.25247894103981e-05
2.0416259765625,0.549112667708396,0.318529256499443,0.000100609394899566
2.05078125,0.569221596491875,0.309711742362606,0.000108150225731576
2.0599365234375,0.585757421774282,0.302363080058972,0.00011533296663895
2.069091796875,0.599600213087633,0.29611919247916,0.000122245485151602
2.0782470703125,0.61131048709036,0.290749598364926,0.000128925728164523
2.08740234375,0.621275848015619,0.28609652886293,0.00013538319112381
2.0965576171875,0.6297828673936,0.28204488949725,0.000141610924618271
2.105712890625,0.637055503884191,0.278506012400924,0.000147593554652456
2.1148681640625,0.643276612419617,0.275408384010305,0.0001533131683294
2.1240234375,0.648600173154675,0.272692236877934,0.000158753601546427
2.1331787109375,0.653158237820402,0.270306396747052,0.000163903242583493
2.142333984375,0.657064913511399,0.268206454004982,0.00016875644338029
2.1514892578125,0.66041879451309,0.266353681474645,0.00017331375407355
2.16064453125,0.663304677565128,0.264714337730534,0.000177581310659615
2.1697998046875,0.665795007379224,0.263259144310868,0.000181569739560847
2.178955078125,0.667951246895389,0.26196282777064,0.000185292895423824
2.1881103515625,0.669825221697056,0.260803682313162,0.000188766655748279
2.197265625,0.671460420975329,0.259763144157154,0.000192007897634521
2.2064208984375,0.672893218301075,0.258825383914349,0.000195033703075245
2.215576171875,0.67415398093737,0.257976926731469,0.000197860788026415
2.2247314453125,0.675268049631772,0.257206307812727,0.000200505123901915
2.23388671875,0.676256584589284,0.25650376733403,0.000202981711045022
2.2430419921875,0.677137283048503,0.255860985275855,0.000205304464711545
2.252197265625,0.677924980123366,0.255270854290888,0.000207486179875871
2.2613525390625,0.678632147032885,0.254727287162706,0.000209538548302707
2.2705078125,0.67926930180003,0.254225054862714,0.000211472208130128
2.2796630859375,0.679845346335077,0.25375965098695,0.000213296811877969
2.288818359375,0.680367842542502,0.25332717862156,0.000215021103241983
2.2979736328125,0.680843238382127,0.252924256075414,0.000216652996313858
2.30712890625,0.681277052978799,0.252547938331062,0.000218199653215822
2.3162841796875,0.681674028453714,0.25219565155817,0.000219667557783516
2.325439453125,0.682038254673238,0.251865138430628,0.00022106258401044
2.3345947265625,0.682373272046177,0.251554412386082,0.000222390058708444
2.34375,0.682682156413156,0.251261719256777,0.000223654818287628
2.3529052734375,0.682967589400753,0.250985505008898,0.000224861259839323
2.362060546875,0.683231916950063,0.250724388547142,0.00022601338687009
2.3712158203125,0.683477198081727,0.250477138695105,0.000227114850101142
2.38037109375,0.683705245752697,0.250242654673961,0.000228168983792341
2.3895263671875,0.683917661172096,0.250019949485777,0.00022917883803811
2.398681640625,0.684115862707577,0.249808135720826,0.000230147207461207
2.4078369140625,0.684633896332181,0.248947219129679,0.000233888952915535
2.4169921875,0.685262853732989,0.248240120570153,0.000237331476679985
2.4261474609375,0.685738680177144,0.247650505527914,0.000240258442557978
2.435302734375,0.686119753246616,0.247139969237917,0.000242841070464308
2.4444580078125,0.68643302836405,0.246689247479848,0.000245160228096551
2.45361328125,0.686818472841439,0.246818188982497,0.000245082345911882
2.4627685546875,0.686355167606384,0.247348126239511,0.000242250974760376
2.471923828125,0.686030677230159,0.247760078712665,0.000240156226222733
2.4810791015625,0.685745081599476,0.248119709729101,0.000238367021490717
2.490234375,0.685478479664773,0.248448266004292,0.00023675914948312
2.4993896484375,0.685222529697204,0.248756047397133,0.000235274023056756
2.508544921875,1.06308790140682,0.311496655442191,0.0212451712377518
2.5177001953125,1.13536254129816,0.3293442305872,0.018957223652632
2.52685546875,1.1829955789386,0.34110740741183,0.0173231675329095
2.5360107421875,1.21903618738661,0.350007951221055,0.0162763983012362
2.545166015625,1.24812442436184,0.357191554485663,0.0155872191468282
2.5543212890625,1.27251761518629,0.363215678772526,0.0150899837351789
2.5634765625,1.29350452171228,0.36839861417278,0.0146992436451549
2.5726318359375,1.31189785404744,0.372941073033427,0.01437445551964
2.581787109375,1.32824630768911,0.376978558664311,0.0140952467348308
2.5909423828125,1.34293928043852,0.380607231900726,0.0138500709294215
2.60009765625,1.35626386667614,0.383897988827447,0.0136315782485308
2.6092529296875,1.36843821717098,0.386904699958679,0.0134346824059516
2.618408203125,1.3796322021489,0.389669313215712,0.0132556656667662
2.6275634765625,1.38998080465286,0.39222516142654,0.0130917082403799
2.63671875,1.39959313188655,0.394599187633105,0.0129406127959684
2.6458740234375,1.408558670568,0.396813489802076,0.0128006304413889
2.655029296875,1.41695174595273,0.398886421938718,0.0126703448785804
2.6641845703125,1.42483477370865,0.400833397103797,0.0125485922951953
2.67333984375,1.43226067914092,0.40266748481478,0.0124344043044512
2.6824951171875,1.43927472840753,0.404399863243885,0.0123269663046348
2.691650390625,1.44591593645987,0.406040166892847,0.0122255864614091
2.7008056640625,1.45221816434981,0.407596757560206,0.0121296721896429
2.7099609375,1.45821098507646,0.409076938152103,0.012038712042387
2.7191162109375,1.46392037452267,0.410487123301083,0.01195226157049
2.728271484375,1.46936926840215,0.411832976897778,0.0118699321459112
2.7374267578125,1.47457801522694,0.413119523946101,0.0117913820293267
2.74658203125,1.47956474797088,0.414351242341388,0.0117163091595747
2.7557373046875,1.48434569130718,0.415532138739341,0.0116444452797992
2.764892578125,1.48893541745129,0.416665811733677,0.0115755511125221
2.7740478515625,1.49334706053552,0.417755504793694,0.0115094123658885
2.783203125,1.49759249744954,0.418804150920969,0.0114458364045652
2.7923583984375,1.50168250113459,0.419814410503843,0.0113846494565269
2.801513671875,1.50562687137305,0.420788703614638,0.0113256942552781
2.8106689453125,1.50943454680336,0.421729237670696,0.0112688280383971
2.81982421875,1.51311370128363,0.422638031230495,0.0112139208396062
2.8289794921875,1.51667182731613,0.423516934594601,0.0111608540241794
2.838134765625,1.52011580842842,0.424367647679581,0.0111095190272185
2.8472900390625,1.52345198218272,0.425191735577666,0.0110598162619652
2.8564453125,1.52668619545563,0.425990642207643,0.0110116541714379
2.8656005859375,1.52982385275623,0.42676570224666,0.0109649484013598
2.874755859375,1.5328699589364,0.427518151677243,0.0109196210762766
2.8839111328125,1.53582915680958,0.428249137077002,0.0108756001638024
2.89306640625,1.53870576053092,0.428959723861646,0.0108328189144617
2.9022216796875,1.54133313491169,0.429608760084828,0.0107918788480501
2.911376953125,1.54329881575449,0.430094347574677,0.010760268162576
2.9205322265625,1.54510474745592,0.430540464821062,0.010732670448256
2.9296875,1.54674839665235,0.430946494853875,0.0107075911642346
2.9388427734375,1.54823568879462,0.431313901542832,0.0106848578791078
2.947998046875,1.54957443398904,0.431644613841534,0.0106643568274259
2.9571533203125,1.55244777060239,0.432354350196953,0.010631579985055
2.96630859375,1.55572945867334,0.433165018947058,0.0105843903946914
2.9754638671875,1.55902422389147,0.433978929992963,0.0105360308123833
2.984619140625,1.5623499873617,0.434800504525351,0.0104871969774721
2.9937744140625,1.56571235516294,0.435631127614555,0.010437823821171
3.0029296875,1.56824244138304,0.436336536515211,0.00577314211458675
3.0120849609375,0.403929272545996,0.380332911630908,6.5623352982788e-05
3.021240234375,0.460300225550556,0.356665129243492,7.65385414897246e-05
3.0303955078125,0.495819574926347,0.341570439365944,8.48249551279264e-05
3.03955078125,0.52240427927903,0.330168750921755,9.20655187050182e-05
3.0487060546875,0.543694768492775,0.320954407512556,9.87345704678955e-05
3.057861328125,0.561367196326246,0.313231942885725,0.000105041723954535
3.0670166015625,0.576353822524411,0.306614303276814,0.000111094750855713
3.076171875,0.589235653091757,0.30086064887607,0.000116951736297867
3.0853271484375,0.600404533346863,0.295809213453991,0.00012264264871682
3.094482421875,0.610141286158527,0.291344862170765,0.000128180018977662
3.1036376953125,0.618657581929781,0.287381645604037,0.000133565128877069
3.11279296875,0.626120081024499,0.283852674274516,0.000138792155740041
3.1219482421875,0.632665033228414,0.280703926267871,0.000143851276487877
3.131103515625,0.638407332212606,0.277890340351923,0.0001487311252347
3.1402587890625,0.643446168842623,0.275373320812537,0.000153420726541092
3.1494140625,0.647868540882534,0.273119147929883,0.000157910920278618
3.1585693359375,0.651751419301231,0.271097975578581,0.000162195278967085
3.167724609375,0.655163104208731,0.269283201626806,0.000166270548440392
3.1768798828125,0.658164128506388,0.267651063669166,0.000170136684172727
3.18603515625,0.660807937954075,0.266180360025454,0.000173796585897568
3.1951904296875,0.663141482001339,0.264852232447411,0.00017725564289014
3.204345703125,0.665205781804232,0.263649973957574,0.000180521192269949
3.2135009765625,0.667036497963619,0.262558844026485,0.000183601970220906
3.22265625,0.668664497157824,0.261565885416335,0.000186507609486155
3.2318115234375,0.670116405335174,0.260659743106298,0.000189248212081382
3.240966796875,0.671415134236203,0.259830488662216,0.000191834007395968
3.2501220703125,0.672580369603875,0.259069453557568,0.000194275093270593
3.25927734375,0.6736290143376,0.258369074494963,0.000196581250628619
3.2684326171875,0.674575583158775,0.2577227524736,0.000198761819241759
3.277587890625,0.675432549101541,0.257124726443989,0.000200825621855875
3.2867431640625,0.676210644070272,0.256569961427283,0.000202780925016033
3.2958984375,0.676919117361369,0.256054050464138,0.000204635426687576
3.3050537109375,0.677565956485934,0.255573129307599,0.000206396262701671
3.314208984375,0.678158074807558,0.255123802606806,0.000208070025797573
3.3233642578125,0.678701470698329,0.254703080352481,0.000209662792628915
3.33251953125,0.679201362079392,0.254308323255211,0.000211180155298112
3.3416748046875,0.67966230000143,0.253937195867231,0.000212627254989666
3.350830078125,0.680088264660909,0.253587626422717,0.00021400881603399
3.3599853515625,0.680482746600663,0.253257772436342,0.000215329179269858
3.369140625,0.680848815221889,0.252945991155519,0.000216592333978223
3.3782958984375,0.681189176957848,0.252650814238055,0.000217801947988957
3.387451171875,0.68150622457363,0.252370925976791,0.000218961395711034
3.3966064453125,0.681802079085219,0.252105144557287,0.000220073784027506
3.40576171875,0.682455802682095,0.251172687303279,0.000223727782124703
3.4149169921875,0.683505028921397,0.250191817757277,0.000228140500054236
3.424072265625,0.684282568886607,0.24938916992636,0.000231853953855341
3.4332275390625,0.684898086120773,0.248702436711932,0.00023511642094629
3.4423828125,0.685399075500185,0.248102121869018,0.00023803606231752
3.4515380859375,0.686209928956812,0.247913828077611,0.000239741141024568
3.460693359375,0.685404383220063,0.248702515137621,0.000235685054409428
3.4698486328125,0.684869455781321,0.249283692369593,0.000232882832631282
3.47900390625,0.684395693572086,0.249791788558349,0.000230503260932492
3.4881591796875,0.68394765228344,0.250259593199736,0.000228360590711513
3.497314453125,0.683511395801139,0.250702085451617,0.000226372770162839
3.5064697265625,1.05504345777124,0.309510119200287,0.02164227303566
3.515625,1.13970264150833,0.330415741750811,0.0191393747993157
3.5247802734375,1.19203459957138,0.343339364072339,0.0173008310828925
3.533935546875,1.23063703158423,0.352872663600449,0.0161375099065699
3.5430908203125,1.26134082013105,0.360455320563876,0.0153937889680325
3.55224609375,1.28683545373027,0.366751517156619,0.0148708062885675
3.5614013671875,1.30860957623309,0.372128915537236,0.014466216302907
3.570556640625,1.32758274332336,0.376814619560365,0.0141329026364612
3.5797119140625,1.34436657396882,0.380959673614738,0.013847995835078
3.5888671875,1.35939019054559,0.38467004919325,0.0135988672061937
3.5980224609375,1.37296711554716,0.388023169047907,0.0133776037207347
3.607177734375,1.38533381674622,0.391077427208171,0.0131787816119923
3.6163330078125,1.39667328412606,0.393878011620215,0.0129984629398733
3.62548828125,1.40713015474564,0.396460639261802,0.0128336766289388
3.6346435546875,1.41682080148395,0.398854047518314,0.0126821176549523
3.643798828125,1.42584028449932,0.401081710797838,0.0125419583354018
3.6529541015625,1.43426727479856,0.403163056364881,0.0124117234227518
3.662109375,1.44216762492398,0.405114346087994,0.0122902041614465
3.6712646484375,1.44959701200241,0.406949329114418,0.0121763973440237
3.680419921875,1.45660292970919,0.408679733765115,0.0120694610127062
3.6895751953125,1.46322621359328,0.410315644197821,0.0119686815789651
3.69873046875,1.46950222544853,0.411865792875027,0.0118734489725213
3.7078857421875,1.47546178512477,0.41333779066491,0.011783237559209
3.717041015625,1.48113191148697,0.414738309813436,0.0116975912814481
3.7261962890625,1.48653641821335,0.416073231070522,0.0116161119413259
3.7353515625,1.49169639704518,0.41734776302367,0.0115384498570268
3.7445068359375,1.49663061346263,0.418566539806151,0.0114642963356861
3.753662109375,1.50135583284071,0.419733701638041,0.0113933775531098
3.7628173828125,1.50588709167427,0.420852961802658,0.011325449535186
3.77197265625,1.51023792426637,0.421927662625165,0.0112602940106242
3.7811279296875,1.51442055367553,0.422960822625297,0.0111977149588783
3.790283203125,1.5184460532492,0.423955176406658,0.0111375357182347
3.7994384765625,1.52232448432376,0.424913208660594,0.0110795965477629
3.80859375,1.52606501368821,0.425837183172938,0.0110237525602388
3.8177490234375,1.52967601493804,0.42672916785256,0.0109698719604394
3.826904296875,1.53316515560199,0.427591056246715,0.0109178345360434
3.8360595703125,1.53653947312714,0.428424586305029,0.0108675303589873
3.84521484375,1.53980544050064,0.429231356584375,0.0108188586629045
3.8543701171875,1.54296902391939,0.430012840490045,0.0107717268689144
3.863525390625,1.5460357333218,0.43077039875429,0.0107260497367482
3.8726806640625,1.54901066670565,0.431505290380385,0.0106817486224451
3.8818359375,1.5518985494217,0.432218682345992,0.0106387508269741
3.8909912109375,1.55470376852801,0.432911658086813,0.0105969890226671
3.900146484375,1.55741834104519,0.433582246409668,0.0105564037265807
3.9093017578125,1.55841720237593,0.433829053632393,0.0105331449243929
3.91845703125,1.55937189017748,0.434064899109786,0.0105181760434981
3.9276123046875,1.56023133942155,0.434277215564809,0.0105049733792395
3.936767578125,1.56098766428122,0.434464057206708,0.0104932867058611
3.9459228515625,1.56164095054352,0.434625445047635,0.0104831223117397
3.955078125,1.56425089719273,0.435270092897316,0.0104596467105513
3.9642333984375,1.56833947020323,0.436280098487165,0.0104026235651112
3.973388671875,1.57238023028348,0.437278323829987,0.010343031603027
3.9825439453125,1.57642556527536,0.438277689092821,0.0102833240995806
3.99169921875,1.58049389204367,0.439282743744881,0.0102233120535737
4.0008544921875,1.58431095111804,0.440238783360037,0.00876715279118406
4.010009765625,0.374339980992559,0.392721230339129,6.06480169395305e-05
4.0191650390625,0.438802020925493,0.365798074002717,7.20947886656927e-05
4.0283203125,0.476722889157623,0.349749546805237,8.01922243391807e-05
4.0374755859375,0.504656875534632,0.337829636322231,8.7107107843532e-05
4.046630859375,0.526923140905138,0.328254173095915,9.33974332731642e-05
4.0557861328125,0.545406460407291,0.320241428395088,9.93001576162176e-05
4.06494140625,0.561125525451028,0.313368242306471,0.000104937291993022
4.0740966796875,0.574703222759445,0.307375905252544,0.000110377370207314
4.083251953125,0.586553117332516,0.302092964018302,0.000115659698029497
4.0924072265625,0.596966981871302,0.297398920801849,0.000120805769236504
4.1015625,0.606160880114702,0.293205085397902,0.000125825436152797
4.1107177734375,0.614301519111159,0.289443593240006,0.000130720694697517
4.119873046875,0.621522246987915,0.286060703259566,0.000135488299751184
4.1290283203125,0.627933170585414,0.28301252081697,0.000140121756987941
4.13818359375,0.633627711111563,0.280262188196188,0.000144612930027381
4.1473388671875,0.63868689231982,0.277778012369597,0.00014895335174687
4.156494140625,0.643182139964559,0.27553221491021,0.000153135259255159
4.1656494140625,0.647177095538258,0.273500102821471,0.000157152349637564
4.1748046875,0.65072878896445,0.271659523571779,0.000161000258683425
4.1839599609375,0.653888410879821,0.269990506880691,0.000164676782506221
4.193115234375,0.656701852632499,0.268475023577811,0.000168181881268358
4.2022705078125,0.659210125977383,0.267096812765797,0.000171517517468669
4.21142578125,0.661449730370026,0.265841244676776,0.000174687385521632
4.2205810546875,0.663453004767729,0.264695199596698,0.000177696585258585
4.229736328125,0.665248478806992,0.263646952340382,0.000180551282272392
4.2388916015625,0.66686122515574,0.262686057985929,0.000183258385913601
4.248046875,0.668313207960578,0.261803238218708,0.000185825263924352
4.2572021484375,0.669623620537969,0.260990269618818,0.000188259502900477
4.266357421875,0.670809205427745,0.260239875754715,0.000190568716497949
4.2755126953125,0.671884551663219,0.259545624890478,0.000192760398640767
4.28466796875,0.672862366076422,0.258901834702383,0.000194841816375675
4.2938232421875,0.673753717258963,0.25830348485368,0.000196819935991047
4.302978515625,0.674568252375654,0.257746137849755,0.00019870137589252
4.3121337890625,0.675314387866852,0.257225868068128,0.000200492380389059
4.3212890625,0.675999476134762,0.256739198747571,0.000202198809212885
4.3304443359375,0.67662995006099,0.256283046306248,0.000203826138552729
4.339599609375,0.6772114480986,0.255854671502018,0.000205379470189648
4.3487548828125,0.67774892200244,0.255451636684307,0.000206863546113222
4.35791015625,0.678246729341566,0.255071768472697,0.000208282766570416
4.3670654296875,0.678708713148646,0.254713125316647,0.000209641210082873
4.376220703125,0.679138270152434,0.254373969244751,0.000210942654314634
4.3853759765625,0.679538409283756,0.254052741292885,0.000212190597018031
4.39453125,0.679911801935787,0.253748040147901,0.000213388276545064
4.4036865234375,0.680476818933896,0.252904397941246,0.000216381474971355
4.412841796875,0.681960316993891,0.251670856012486,0.000221613498861629
4.4219970703125,0.683027424182803,0.250682764119971,0.000225949228310765
4.43115234375,0.683862391239844,0.249846587520367,0.00022974091772391
4.4403076171875,0.684535752921201,0.249121930932473,0.000233122973444017
4.449462890625,0.685088656254056,0.248484508988827,0.000236174208123938
4.4586181640625,0.684790083109082,0.249501525624094,0.000231987738433021
4.4677734375,0.684058596509531,0.250230810297168,0.000228577456354477
4.4769287109375,0.683415388201197,0.250864342745481,0.0002257204961798
4.486083984375,0.682803633833069,0.251449272694059,0.000223153637266177
4.4952392578125,0.682202924378723,0.252005659957325,0.000220769619677521
4.50439453125,1.03444595043795,0.304423969762004,0.0221275829145118
4.5135498046875,1.13634925898668,0.329587458973246,0.0194786365742765
4.522705078125,1.19402317774192,0.34383024229933,0.0174297186458203
4.5318603515625,1.23536784740651,0.354040821325763,0.0161304890728362
4.541015625,1.26775898097528,0.362040247079793,0.0153194182152358
4.5501708984375,1.29439532658874,0.368618446438345,0.0147641325429756
4.559326171875,1.31698822237858,0.374198085909266,0.0143421504261487
4.5684814453125,1.33657179702965,0.379034570075812,0.0139980152848785
4.57763671875,1.35382326455674,0.383295144665998,0.0137056515554881
4.5867919921875,1.36921226057903,0.38709578674493,0.01345107695627
4.595947265625,1.38307879000441,0.390520459153498,0.0132257034220978
4.6051025390625,1.39567741207876,0.393632023711507,0.013023717029906
4.6142578125,1.40720391976618,0.39647883012271,0.0128409313055479
4.6234130859375,1.41781227634936,0.399098898527348,0.0126742069844201
4.632568359375,1.4276258136978,0.401522684882163,0.0125211204767319
4.6417236328125,1.43674489150853,0.403774972363488,0.0123797579180456
4.65087890625,1.44525228775803,0.405876202497692,0.0122485798604278
4.6600341796875,1.45321708618662,0.407843435141688,0.0121263287350148
4.669189453125,1.46069754015455,0.40969105568569,0.0120119635687822
4.6783447265625,1.46774322126154,0.411431305634199,0.0119046127430905
4.6875,1.47439665871118,0.413074687431,0.0118035390657717
4.6966552734375,1.48069460749419,0.414630277624537,0.011708113464104
4.705810546875,1.48666904305945,0.416105972492145,0.0116177948471508
4.7149658203125,1.49234795018143,0.417508682843178,0.0115321144681328
4.72412109375,1.49775595527358,0.418844490162708,0.0114506636249743
4.7332763671875,1.5029148383125,0.420118773026391,0.0113730838748462
4.742431640625,1.50784395083146,0.421336310320109,0.0112990591676075
4.7515869140625,1.51256055992864,0.422501366189724,0.01122830946195
4.7607421875,1.51708013362618,0.423617760508022,0.0111605854999608
4.7698974609375,1.52141657908273,0.424688927699309,0.0110956644961284
4.779052734375,1.52558244283837,0.42571796618828,0.0110333465545806
4.7882080078125,1.5295890799745,0.42670768017275,0.0109734516715702
4.79736328125,1.53344679796322,0.427660615146198,0.0109158172124087
4.8065185546875,1.53716497938209,0.42857908820133,0.0108602957744569
4.815673828125,1.54075218773151,0.429465214160965,0.0108067533682233
4.8248291015625,1.54421625801657,0.430320927946681,0.0107550678608936
4.833984375,1.54756437561141,0.4311480040539,0.0107051276383066
4.8431396484375,1.55080314487453,0.431948073496072,0.0106568304495919
4.852294921875,1.55393864863115,0.432722638493554,0.0106100824052982
4.8614501953125,1.55697650066406,0.433473085435975,0.0105647971052605
4.87060546875,1.55992189168938,0.434200696235777,0.0105208948765924
4.8797607421875,1.56277962984445,0.434906658326545,0.0104783021054957
4.888916015625,1.56555417649352,0.43559207350511,0.0104369506494339
4.8980712890625,1.56824967811933,0.436257965807079,0.0103967773183704
4.9072265625,1.56901646131274,0.436447469933682,0.0103740186465158
4.9163818359375,1.5693143969076,0.436521080352459,0.0103683703529741
4.925537109375,1.56957943801994,0.436586557789162,0.0103641882715065
4.9346923828125,1.56978753012208,0.436637966840446,0.0103608147559982
4.94384765625,1.56993084737654,0.436673374207774,0.0103583632898379
4.9530029296875,1.57162583807692,0.43709199727276,0.0103486625648805
4.962158203125,1.57638950882615,0.43826876021789,0.0102868469176331
4.9713134765625,1.58102993945786,0.43941515024324,0.0102183275776331
4.98046875,1.5856487496383,0.440556213634476,0.010149910230906
4.9896240234375,1.59027885564302,0.441700080523694,0.0100813905088739
4.998779296875,1.59493550460376,0.442850518700861,0.0100124820084994
5.0079345703125,0.340792827214495,0.406598069897909,5.54724571041788e-05
5.01708984375,0.419478036761544,0.373969274756729,6.83980524836757e-05
5.0262451171875,0.460471273466374,0.356677264070364,7.65587000264164e-05
5.035400390625,0.489946973920036,0.344144494313651,8.3341331759526e-05
5.0445556640625,0.513231151353886,0.334174390885214,8.94297425355042e-05
5.0537109375,0.532493611032446,0.325867606698002,9.50967887680764e-05
5.0628662109375,0.548867240628126,0.318753592315108,0.000100480092712594
5.072021484375,0.5630300591433,0.312550561008337,0.000105657395719302
5.0811767578125,0.575425327327747,0.307074425884902,0.000110674872108708
5.09033203125,0.58636172281896,0.302197275540575,0.00011555996357229
5.0994873046875,0.596064945085159,0.29782595166768,0.000120328034383535
5.108642578125,0.604706780396757,0.293889962683067,0.000124986238335869
5.1177978515625,0.612422596159174,0.290334188306295,0.000129536021477875
5.126953125,0.619322400926372,0.287114244271733,0.000133974915043787
5.1361083984375,0.625498081178126,0.28419342426176,0.000138297931063737
5.145263671875,0.631028237436335,0.281540631345459,0.000142498705267821
5.1544189453125,0.635981444947302,0.279128959647262,0.000146570445348887
5.16357421875,0.64041845166741,0.276934719088876,0.000150506699770174
5.1727294921875,0.644393650277748,0.274936767699221,0.000154301945808693
5.181884765625,0.647956059251368,0.273116058165372,0.000157951995501393
5.1910400390625,0.651149981797225,0.27145533131249,0.000161454226929558
5.2001953125,0.654015463253263,0.269938906719203,0.000164807659632169
5.2093505859375,0.656588632734303,0.268552534498477,0.00016801290268461
5.218505859375,0.658901985516016,0.26728328276453,0.000171072009210946
5.2276611328125,0.660984640215185,0.266119443742888,0.000173988271580347
5.23681640625,0.662862589147344,0.265050448315699,0.00017676598795986
5.2459716796875,0.664558948852396,0.264066783537444,0.000179410224804563
5.255126953125,0.666094210924496,0.263159910894011,0.000181926592871463
5.2642822265625,0.667486490140838,0.262322185118661,0.000184321047778925
5.2734375,0.668751765196025,0.261546774281916,0.000186599720522012
5.2825927734375,0.669904108090634,0.260827582375646,0.000188768779293488
5.291748046875,0.670955899002067,0.26015917555049,0.000190834321194886
5.3009033203125,0.67191802374395,0.259536712743953,0.000192802290654812
5.31005859375,0.672800053947358,0.258955881608095,0.000194678420909513
5.3192138671875,0.673610408595008,0.25841283976256,0.00019646819439029
5.328369140625,0.674356497883382,0.257904161536622,0.000198176818351102
5.3375244140625,0.675044850762311,0.257426790203842,0.000199809212339967
5.3466796875,0.675681226806259,0.256977995249093,0.000201370004655098
5.3558349609375,0.676270714034454,0.256555334385608,0.000202863535407715
5.364990234375,0.676817814593292,0.256156620064034,0.000204293864291388
5.3741455078125,0.677326518908007,0.255779889801993,0.000205664781580601
5.38330078125,0.677800370189287,0.255423380121526,0.000206979821135182
5.3924560546875,0.678242520679711,0.255085503713357,0.000208242274630225
5.401611328125,0.67851593741804,0.254464900007095,0.000210165060626343
5.4107666015625,0.680474663274406,0.252962557482722,0.000216204399762687
5.419921875,0.681839778514139,0.251795569068845,0.000221096391308515
5.4290771484375,0.682895420887097,0.250818493235181,0.000225353985337156
5.438232421875,0.683739449954596,0.249978449736592,0.00022914005783289
5.4473876953125,0.684427283630045,0.249244554690068,0.000232546601557467
5.45654296875,0.684396206681892,0.250012952864673,0.000229706529900782
5.4656982421875,0.683467338709447,0.25088365274626,0.000225706986869386
5.474853515625,0.682667383463441,0.251629398088932,0.000222430257432836
5.4840087890625,0.68190606523586,0.252317296571807,0.000219502554745902
5.4931640625,0.681154905317886,0.252973450200441,0.000216786612624605
5.5023193359375,0.997701074781514,0.295350759091214,0.0226197635187738
5.511474609375,1.12804530632205,0.3275367256728,0.019918406006399
5.5206298828125,1.19212306035689,0.343360815352804,0.0176559567729248
5.52978515625,1.23652167077925,0.354325625706825,0.0162005198132215
5.5389404296875,1.27073120718485,0.362774180489501,0.0153084733499278
5.548095703125,1.29857747253527,0.369651221899169,0.0147144697743503
5.5572509765625,1.32203103744993,0.375443442061341,0.0142721295574898
5.56640625,1.34225465770339,0.38043801819365,0.013915562721773
5.5755615234375,1.35999731967798,0.38481992357229,0.0136146797209474
5.584716796875,1.37577213695015,0.388715873207804,0.0133538526627921
5.5938720703125,1.38994710568867,0.39221674269198,0.0131237035768896
5.60302734375,1.4027956732584,0.395390058364635,0.0129179756221757
5.6121826171875,1.41452686486048,0.398287437676595,0.0127322056693518
5.621337890625,1.42530420042576,0.400949260816561,0.0125630695725792
5.6304931640625,1.43525809147919,0.403407732094327,0.012408014527952
5.6396484375,1.44449425614109,0.405688957980907,0.0122650333415757
5.6488037109375,1.45309960290114,0.407814400064906,0.0121325173762776
5.657958984375,1.46114645030071,0.409801917068953,0.0120091566541771
5.6671142578125,1.46869562056799,0.411666528796037,0.011893869773076
5.67626953125,1.47579875017352,0.413420986700305,0.0117857534325156
5.6854248046875,1.48250004627545,0.415076207625025,0.0116840452704365
5.694580078125,1.48883764073405,0.416641608163887,0.011588095974569
5.7037353515625,1.49484464851832,0.41812536602468,0.0114973480032027
5.712890625,1.50055000512545,0.419534626822353,0.01141131910924
5.7220458984375,1.50597913575933,0.4208756693266,0.0113295894151833
5.731201171875,1.51115449579665,0.422154038925167,0.0112517911545134
5.7403564453125,1.51609601151741,0.423374656458475,0.0111776004426519
5.74951171875,1.52082144167123,0.424541907505385,0.0111067306121484
5.7586669921875,1.52534667690878,0.425659716325385,0.0110389267673018
5.767822265625,1.52968598949838,0.426731607524175,0.01097396129923
5.7769775390625,1.53385224259646,0.42776075773145,0.0109116301645714
5.7861328125,1.53785706728716,0.428750039319586,0.0108517497761948
5.7952880859375,1.54171101207071,0.429702057318803,0.0107941543900302
5.804443359375,1.54542367127283,0.430619181127047,0.0107386938943372
5.8135986328125,1.54900379450359,0.431503571540226,0.0106852319302323
5.82275390625,1.55245938128499,0.432357204119969,0.0106336442853221
5.8319091796875,1.5557977624807,0.433181889302287,0.0105838175141002
5.841064453125,1.5590256718156,0.433979290058994,0.0105356477480043
5.8502197265625,1.56214930696676,0.434750936983882,0.010489039664314
5.859375,1.56517438446785,0.435498241851138,0.0104439055896187
5.8685302734375,1.56810618670538,0.436222509220939,0.0104001647169093
5.877685546875,1.57094960412181,0.436924946861376,0.0103577424197603
5.8868408203125,1.57370917195683,0.437606674821631,0.0103165696494135
5.89599609375,1.5763891028534,0.438268733483983,0.0102765824029834
5.9051513671875,1.57733002406392,0.438501273391243,0.0102499785565668
5.914306640625,1.57706711324341,0.438436341113448,0.0102513404176493
5.9234619140625,1.57683585809767,0.438379211489965,0.0102546837764346
5.9326171875,1.57659111552281,0.438318750087073,0.01025820241375
5.9417724609375,1.57631632536918,0.438250866167973,0.0102620945433883
5.950927734375,1.57659223237881,0.43831897401806,0.0102654006607079
5.9600830078125,1.58198451785852,0.439650958854476,0.0102063756641381
5.96923828125,1.58713647246402,0.440923733889006,0.0101305371524182
5.9783935546875,1.59223639377577,0.442183675845734,0.0100547805085065
5.987548828125,1.59733515068837,0.443443346430793,0.0099791293601863
5.9967041015625,1.60245563162631,0.444708401508623,0.00990317176655722
6.005859375,1.54736393338992,0.441748070521852,0.000598031562588378
6.0150146484375,0.401547264294613,0.381523020331668,6.51798188391243e-05
6.024169921875,0.446149337667583,0.362761779942865,7.35566906254072e-05
6.0333251953125,0.477258885653328,0.349570676510096,8.03055922191727e-05
6.04248046875,0.501557966394228,0.339199103191036,8.62803091402706e-05
6.0516357421875,0.521559907331127,0.330606136725543,9.17964928682417e-05
6.060791015625,0.538528515379201,0.323267014618843,9.70086260001885e-05
6.0699462890625,0.553203408030899,0.316874306361261,0.000102003291259394
6.0791015625,0.566060775097737,0.311230093994503,0.000106832488038143
6.0882568359375,0.577428330693105,0.306198341472399,0.000111528228487809
6.097412109375,0.587543221050457,0.301680866610749,0.000116109880316337
6.1065673828125,0.596584108401179,0.297604010916311,0.000120588285915708
6.11572265625,0.604690259492855,0.293910695036966,0.000124968311725078
6.1248779296875,0.611973534229298,0.29055541426213,0.000129250583264731
6.134033203125,0.618526225732128,0.287500948693134,0.000133432774584562
6.1431884765625,0.624426335916982,0.284716131818388,0.000137510635872791
6.15234375,0.629741186891328,0.282174304647245,0.000141478846880531
6.1614990234375,0.634529912039269,0.279852232745653,0.000145331732359328
6.170654296875,0.638845173688825,0.277729345599407,0.000149063849245272
6.1798095703125,0.642734340248501,0.27578720414266,0.000152670444614313
6.18896484375,0.646240290219645,0.274009130903162,0.00015614778319399
6.1981201171875,0.649401962681286,0.272379954055887,0.000159493348169029
6.207275390625,0.652254744071549,0.270885829498034,0.00016270592657427
6.2164306640625,0.654830754784117,0.269514113829311,0.000165785597111601
6.2255859375,0.657159080861194,0.268253268926262,0.000168733642634017
6.2347412109375,0.659265978512976,0.267092784236853,0.000171552410751343
6.243896484375,0.661175068801079,0.266023108184928,0.000174245144692225
6.2530517578125,0.662907530546544,0.265035583508717,0.00017681580319948
6.26220703125,0.664482292918299,0.264122383728878,0.000179268883811891
6.2713623046875,0.665916228266531,0.263276450342058,0.000181609259601459
6.280517578125,0.667224340768701,0.26249143035672,0.000183842035208207
6.2896728515625,0.668419949411222,0.261761615263959,0.00018597242495937
6.298828125,0.66951486180714,0.261081882037763,0.000188005653283532
6.3079833984375,0.670519536480435,0.260447636768486,0.000189946876232237
6.317138671875,0.671443233961814,0.259854762078296,0.00019180112185609
6.3262939453125,0.672294152998946,0.259299567758555,0.000193573246783294
6.33544921875,0.673079554980906,0.258778745813848,0.000195267906349496
6.3446044921875,0.67380587519773,0.258289329405573,0.000196889535715759
6.353759765625,0.67447882149569,0.25782865560507,0.000198442339622687
6.3629150390625,0.675103462015663,0.257394332018035,0.000199930288841834
6.3720703125,0.675684302701618,0.256984206954495,0.000201357121671959
6.3812255859375,0.676225355033894,0.256596342724993,0.000202726349082106
6.390380859375,0.676730195773857,0.256228992018073,0.000204041262435
6.3995361328125,0.677202019127429,0.255880576902018,0.000205304942958938
6.40869140625,0.678994536674769,0.254157977571078,0.000211427274463345
6.4178466796875,0.680674769780782,0.252811157729369,0.000216842752210728
6.427001953125,0.681957868582289,0.251695841560053,0.00022153044346896
6.4361572265625,0.682975364705467,0.250744189192809,0.00022568702342878
6.4453125,0.683798761980767,0.249918067279021,0.000229417812488969
6.4544677734375,0.684193958632249,0.250323297897719,0.000228391521177033
6.463623046875,0.683045511431745,0.251339919457935,0.00022375256946544
6.4727783203125,0.682097712459749,0.252189960557713,0.000220084073858384
6.48193359375,0.68119888497804,0.252970875387411,0.000216834313259596
6.4910888671875,0.680310053294885,0.253716293835728,0.000213828310943742
6.500244140625,0.90572764065343,0.272640681750526,0.0230007182463675
6.5093994140625,1.11527086943335,0.324382118794475,0.0204333485384
6.5185546875,1.18734528213406,0.342180760134003,0.0179632865903549
6.5277099609375,1.23522422645469,0.354005071299408,0.0163314478511838
6.536865234375,1.27142789083987,0.362946148311083,0.0153429723382941
6.5460205078125,1.30057433302216,0.370144319999476,0.0147028976863948
6.55517578125,1.32494225664239,0.376162376279507,0.0142369918624353
6.5643310546875,1.34584166175446,0.381323865818665,0.0138664107619903
6.573486328125,1.36410159393304,0.38583353678682,0.0135560596498493
6.5826416015625,1.38028274811068,0.389829855797437,0.0132883143682596
6.591796875,1.39478330608839,0.39341115317671,0.0130528742565548
6.6009521484375,1.40789684729006,0.396649926986881,0.0128429806883053
6.610107421875,1.41984636533553,0.399601244218931,0.0126538632480401
6.6192626953125,1.43080538937082,0.402307956860764,0.0124819950007633
6.62841796875,1.44091169647977,0.404804088168389,0.0123246826299372
6.6375732421875,1.45027654784238,0.407117113493619,0.0121798181010395
6.646728515625,1.45899110367327,0.409269544411662,0.012045718393567
6.6558837890625,1.46713099899708,0.411280058674293,0.0119210174124611
6.6650390625,1.47475967953481,0.413164323979677,0.0118045906065445
6.6741943359375,1.4819308843646,0.414935611044189,0.0116955009515808
6.683349609375,1.48869052450756,0.416605257502711,0.0115929593507286
6.6925048828125,1.49507812644685,0.418183024372922,0.0114962950306903
6.70166015625,1.5011279573467,0.419677373918202,0.0114049330299066
6.7108154296875,1.50686991194177,0.42109568865723,0.0113183768204727
6.719970703125,1.51233022028878,0.422444446137166,0.0112361947124853
6.7291259765625,1.5175320177761,0.423729359692751,0.0111580090894069
6.73828125,1.52249580814873,0.424955492786558,0.0110834877923644
6.7474365234375,1.52723984421475,0.426127353021451,0.0110123371564666
6.756591796875,1.53178044067514,0.427248969391541,0.0109442963317257
6.7657470703125,1.53613223629601,0.428323957023733,0.0108791326137846
6.77490234375,1.54030841171388,0.429355570963224,0.0108166375758613
6.7840576171875,1.54432087470588,0.430346751924783,0.0107566238415842
6.793212890625,1.54818041559929,0.431300164670183,0.0106989223764034
6.8023681640625,1.55189684097986,0.432218231026699,0.0106433801992437
6.8115234375,1.55547908709051,0.433103157890323,0.0105898584392271
6.8206787109375,1.55893531868312,0.433956961636717,0.0105382306767535
6.829833984375,1.56227301261868,0.434781488765915,0.0104883815201987
6.8389892578125,1.5654990323435,0.435578434293921,0.0104402053794582
6.84814453125,1.56861969150432,0.436349357462226,0.0103936054044739
6.8572998046875,1.57164080970218,0.437095695506066,0.0103484925626733
6.866455078125,1.57456776180362,0.437818775831692,0.0103047848343896
6.8756103515625,1.57740552110556,0.438519826675846,0.0102624065084441
6.884765625,1.58015869731038,0.43919998648364,0.0102212875633684
6.8939208984375,1.58283157037365,0.439860312267228,0.0101813631220971
6.903076171875,1.58425423405624,0.44021186426549,0.0101487223789952
6.9122314453125,1.5834810535096,0.440020894499049,0.0101544021363462
6.92138671875,1.58281322600465,0.43985590898379,0.0101643082553879
6.9305419921875,1.58217502526515,0.439698242496485,0.0101738379500481
6.939697265625,1.58153971913808,0.439541292159009,0.0101832180936709
6.9488525390625,1.58089474182902,0.439381953283033,0.0101926809663735
6.9580078125,1.58599108143345,0.440640760272325,0.0101482999764273
6.9671630859375,1.59159939339811,0.442026284801613,0.0100666279743823
6.976318359375,1.59711742761941,0.443389539809335,0.00998448112489579
6.9854736328125,1.60261970149692,0.444748920874176,0.00990266181905732
6.99462890625,1.60813806917627,0.446112298979214,0.00982063494467843
7.0037841796875,1.61369008408877,0.447483889830353,0.00975231876609887
7.012939453125,1.61928358457159,0.448865993664696,0.00965549039264605
7.0220947265625,1.62492681705809,0.450260300035264,0.0095706721566048
7.03125,1.63062349577425,0.451667833339483,0.00948555399518063
7.0404052734375,1.63637656396595,0.453089328293579,0.00939945811672616
7.049560546875,1.64218820417264,0.454525326707515,0.00931230152174997
7.0587158203125,1.64806008508925,0.455976243380272,0.00922403700635694
7.06787109375,1.65399353033831,0.457442408060438,0.00913462326477036
7.0770263671875,1.65998962929041,0.458924092860071,0.00904402160368077
7.086181640625,1.66604930944701,0.46042153016414,0.00895219450809233
7.0953369140625,1.67217338526169,0.461934924721827,0.00885910467243189
7.1044921875,1.67836259121192,0.46346446185076,0.00876471429588659
7.1136474609375,1.68461760389184,0.46501031293355,0.00866898454115778
7.122802734375,1.69093905812477,0.46657263944215,0.00857187510092052
7.1319580078125,1.69732755682732,0.468151595424996,0.00847334382709592
7.14111328125,1.70378367900042,0.469747329538709,0.00837334639633948
7.1502685546875,1.71030798412527,0.47135998620052,0.00827183599274804
7.159423828125,1.71690101566728,0.472989706530655,0.00816876299053025
7.1685791015625,1.72356330263019,0.47463662882549,0.00806407462579224
7.177734375,1.73029536121886,0.476300889072236,0.00795771464809627
7.1868896484375,1.73709769508111,0.477982621130455,0.00784962293888273
7.196044921875,1.74397079533806,0.479681956882665,0.00773973509274434
7.2052001953125,1.75091514024894,0.481399026320668,0.00762798194705489
7.21435546875,1.75793119446873,0.483133957562909,0.00751428905211889
7.2235107421875,1.76501940837752,0.484886876928303,0.00739857606962456
7.232666015625,1.7721802160884,0.486657908731563,0.00728075608433054
7.2418212890625,1.77941403434427,0.488447175357311,0.00716073481449062
7.2509765625,1.78672126076883,0.490254797248947,0.00703840969762041
7.2601318359375,1.79410227055827,0.492080892605682,0.00691366883107355
7.269287109375,1.80155741421155,0.493925577454554,0.00678638973417013
7.2784423828125,1.80908701349416,0.495788965437693,0.00665643789453114
7.28759765625,1.81669135700891,0.497671167698201,0.00652366505168349
7.2967529296875,1.82437069382005,0.499572292540254,0.0063879071569768
7.305908203125,1.83212522682838,0.50149244536378,0.00624898193175697
7.3150634765625,1.83995510206701,0.503431728039308,0.00610668592249962
7.32421875,1.84786039735635,0.505390238728536,0.00596079092138604
7.3333740234375,1.85584110577662,0.507368071250705,0.00581103957577981
7.342529296875,1.8638971129212,0.50936531405868,0.00565713995238022
7.3516845703125,1.87202816927038,0.51138204962565,0.00549875873165171
7.36083984375,1.8802338486989,0.51341835272662,0.00533551259034618
7.3699951171875,1.88851349278279,0.515474288609436,0.00516695714332209
7.379150390625,1.89686613108568,0.517549910319114,0.00499257254717408
7.3883056640625,1.90529036549979,0.519645254951964,0.00481174444836282
7.3974609375,1.91378419629268,0.521760337842407,0.00462373829310419
7.4066162109375,1.91421091707647,0.521870054070014,0.00457937938763762
7.415771484375,1.91193289323993,0.521302240617286,0.00463183734220948
7.4249267578125,1.91002250435474,0.520826248579434,0.00467533384648308
7.43408203125,1.90837466408665,0.520415802235554,0.00471249149085707
7.4432373046875,1.90693175375915,0.520056491261674,0.00474478654205853
7.452392578125,1.90565617745021,0.519738916568116,0.00477316300137985
7.4615478515625,1.90452113156986,0.519456379731713,0.00479828422552295
7.470703125,1.90350642681697,0.519203837187081,0.00482064393766115
7.4798583984375,1.90259626797468,0.518977344511313,0.00484062430689713
7.489013671875,1.90177794981741,0.518773730026478,0.00485852976887531
7.4981689453125,1.90104103266271,0.518590388472467,0.00487460823946031
7.50732421875,1.90037743307403,0.518425263364936,0.00488954194951111
7.5164794921875,1.8997781456843,0.518276227938313,0.00490206683385327
7.525634765625,1.89923806975734,0.518141891567797,0.00491377415299708
7.5347900390625,1.89875148751383,0.518020868395727,0.00492430568403934
7.5439453125,1.89831359943654,0.517911962357012,0.00493377077028578
7.5531005859375,1.89792019638856,0.517814124705411,0.00494226515406634
7.562255859375,1.89756755741304,0.517726428521595,0.00494987295852518
7.5714111328125,1.89725237505124,0.517648050048613,0.00495666856301782
7.58056640625,1.89697169332266,0.517578253201954,0.00496271808737548
7.5897216796875,1.89672285927432,0.51751637746572,0.00496808059138975
7.598876953125,1.89650348172988,0.517461827593504,0.00497280905544364
7.6080322265625,1.89631139822857,0.517414065352378,0.00497695119248914
7.6171875,1.89614464605055,0.517372602292282,0.00498055012381273
7.6263427734375,1.89600143882503,0.517336993906862,0.00498364494882983
7.635498046875,1.89588014575906,0.517306834451878,0.00498627122569844
7.6446533203125,1.89577927455298,0.517281752682286,0.00498846138184221
7.65380859375,1.89569745654777,0.517261408147265,0.00499024506580166
7.6629638671875,1.89563343331617,0.517245487847395,0.00499164944901189
7.672119140625,1.89558604582441,0.51723370353116,0.00499269948873668
7.6812744140625,1.89555422416043,0.517225789135188,0.00499341815556765
7.6904296875,1.89553697933287,0.517221498739058,0.00499382663273018
7.6995849609375,1.89553339514161,0.517220604540436,0.00499394449032097
7.708740234375,1.89554262211283,0.517222895342296,0.00499378983949623
7.7178955078125,1.89556387092092,0.517228174915334,0.00499337946779454
7.72705078125,1.89559640751883,0.517236260783916,0.00499272895958563
7.7362060546875,1.89563954771067,0.517246982875656,0.00499185280292332
7.745361328125,1.89569265414927,0.517260182771108,0.00499076448505289
7.7545166015625,1.89575513148462,0.517275712497736,0.00498947657762286
7.763671875,1.89582642309171,0.517293433714897,0.00498800081289789
7.7728271484375,1.89590600813549,0.517313216982835,0.00498634815235159
7.781982421875,1.89599339927249,0.517334941189549,0.0049845288491752
7.7911376953125,1.89608813924688,0.517358492705231,0.00498255250334345
7.80029296875,1.89618979891322,0.517383764889566,0.00498042811236668
7.8094482421875,1.89629797567471,0.517410657702087,0.00497816411734426
7.818603515625,1.89641229076053,0.517439077026221,0.00497576844414319
7.8277587890625,1.89653238795452,0.517468934352119,0.0049732485414762
7.8369140625,1.89665793233209,0.517500146461798,0.00497061141583113
7.8460693359375,1.89678860774578,0.517532634805636,0.0049678636613829
7.855224609375,1.89692411669288,0.517566325467187,0.00496501149094724
7.8643798828125,1.89706417874249,0.517601148772699,0.0049620607605265
7.87353515625,1.89720852845037,0.517637038773953,0.00495901699592736
7.8826904296875,1.89735691588634,0.517673933377072,0.00495588541172668
7.891845703125,1.89750910456393,0.517711773829335,0.00495267093405789
7.9010009765625,1.89901920579032,0.518085651765596,0.00494154933444416
7.91015625,1.9120419175176,0.521325004435992,0.00467633845363475
7.9193115234375,1.92447694362995,0.524426128466574,0.00438935213603172
7.928466796875,1.93655794659498,0.527447604833456,0.00409498107090812
7.9376220703125,1.94837121101157,0.530414574112354,0.00378804986971994
7.94677734375,1.95994933673637,0.533341640337395,0.00346302519604715
7.9559326171875,1.97127856288431,0.536237813233301,0.00311269478588975
7.965087890625,1.98226929448871,0.539107725619989,0.00272627891901451
7.9742431640625,1.9926318854382,0.54194988966126,0.00228537105190947
7.9833984375,2.00125224006046,0.544744553942464,0.00175288568695919
7.9925537109375,1.99999596884108,0.547326914421041,0.00104747734425172
